Message  received:  M  -1000  -0.1.  Response:  ['M' ,'-1000' ,'-0.1']Command:  M ,  N:  -1000 ,  step:  -0.10
180.00 ,54.00 ,108.00
179.90 ,53.97 ,107.94
179.80 ,53.94 ,107.88
179.70 ,53.91 ,107.82
179.60 ,53.88 ,107.76
179.50 ,53.85 ,107.70
179.40 ,53.82 ,107.64
179.30 ,53.79 ,107.58
179.20 ,53.76 ,107.52
179.10 ,53.73 ,107.46
179.00 ,53.70 ,107.40
178.90 ,53.67 ,107.34
178.80 ,53.64 ,107.28
178.70 ,53.61 ,107.22
178.60 ,53.58 ,107.16
178.50 ,53.55 ,107.10
178.40 ,53.52 ,107.04
178.30 ,53.49 ,106.98
178.20 ,53.46 ,106.92
178.10 ,53.43 ,106.86
178.00 ,53.40 ,106.80
177.90 ,53.37 ,106.74
177.80 ,53.34 ,106.68
177.70 ,53.31 ,106.62
177.60 ,53.28 ,106.56
177.50 ,53.25 ,106.50
177.40 ,53.22 ,106.44
177.30 ,53.19 ,106.38
177.20 ,53.16 ,106.32
177.10 ,53.13 ,106.26
177.00 ,53.10 ,106.20
176.90 ,53.07 ,106.14
176.80 ,53.04 ,106.08
176.70 ,53.01 ,106.02
176.60 ,52.98 ,105.96
176.50 ,52.95 ,105.90
176.40 ,52.92 ,105.84
176.30 ,52.89 ,105.78
176.20 ,52.86 ,105.72
176.10 ,52.83 ,105.66
176.00 ,52.80 ,105.60
175.90 ,52.77 ,105.54
175.80 ,52.74 ,105.48
175.70 ,52.71 ,105.42
175.60 ,52.68 ,105.36
175.50 ,52.65 ,105.30
175.40 ,52.62 ,105.24
175.30 ,52.59 ,105.18
175.20 ,52.56 ,105.12
175.10 ,52.53 ,105.06
175.00 ,52.50 ,105.00
174.90 ,52.47 ,104.94
174.80 ,52.44 ,104.88
174.70 ,52.41 ,104.82
174.60 ,52.38 ,104.76
174.50 ,52.35 ,104.70
174.40 ,52.32 ,104.64
174.30 ,52.29 ,104.58
174.20 ,52.26 ,104.52
174.10 ,52.23 ,104.46
174.00 ,52.20 ,104.40
173.90 ,52.17 ,104.34
173.80 ,52.14 ,104.28
173.70 ,52.11 ,104.22
173.60 ,52.08 ,104.16
173.50 ,52.05 ,104.10
173.40 ,52.02 ,104.04
173.30 ,51.99 ,103.98
173.20 ,51.96 ,103.92
173.10 ,51.93 ,103.86
173.00 ,51.90 ,103.80
172.90 ,51.87 ,103.74
172.80 ,51.84 ,103.68
172.70 ,51.81 ,103.62
172.60 ,51.78 ,103.56
172.50 ,51.75 ,103.50
172.40 ,51.72 ,103.44
172.30 ,51.69 ,103.38
172.20 ,51.66 ,103.32
172.10 ,51.63 ,103.26
172.00 ,51.60 ,103.20
171.90 ,51.57 ,103.14
171.80 ,51.54 ,103.08
171.70 ,51.51 ,103.02
171.60 ,51.48 ,102.96
171.50 ,51.45 ,102.90
171.40 ,51.42 ,102.84
171.30 ,51.39 ,102.78
171.20 ,51.36 ,102.72
171.10 ,51.33 ,102.66
171.00 ,51.30 ,102.60
170.90 ,51.27 ,102.54
170.80 ,51.24 ,102.48
170.70 ,51.21 ,102.42
170.60 ,51.18 ,102.36
170.50 ,51.15 ,102.30
170.40 ,51.12 ,102.24
170.30 ,51.09 ,102.18
170.20 ,51.06 ,102.12
170.10 ,51.03 ,102.06
170.00 ,51.00 ,102.00
169.90 ,50.97 ,101.94
169.80 ,50.94 ,101.88
169.70 ,50.91 ,101.82
169.60 ,50.88 ,101.76
169.50 ,50.85 ,101.70
169.40 ,50.82 ,101.64
169.30 ,50.79 ,101.58
169.20 ,50.76 ,101.52
169.10 ,50.73 ,101.46
169.00 ,50.70 ,101.40
168.90 ,50.67 ,101.34
168.80 ,50.64 ,101.28
168.70 ,50.61 ,101.22
168.60 ,50.58 ,101.16
168.50 ,50.55 ,101.10
168.40 ,50.52 ,101.04
168.30 ,50.49 ,100.98
168.20 ,50.46 ,100.92
168.10 ,50.43 ,100.86
168.00 ,50.40 ,100.80
167.90 ,50.37 ,100.74
167.80 ,50.34 ,100.68
167.70 ,50.31 ,100.62
167.60 ,50.28 ,100.56
167.50 ,50.25 ,100.50
167.40 ,50.22 ,100.44
167.30 ,50.19 ,100.38
167.20 ,50.16 ,100.32
167.10 ,50.13 ,100.26
167.00 ,50.10 ,100.20
166.90 ,50.07 ,100.14
166.80 ,50.04 ,100.08
166.70 ,50.01 ,100.02
166.60 ,49.98 ,99.96
166.50 ,49.95 ,99.90
166.40 ,49.92 ,99.84
166.30 ,49.89 ,99.78
166.20 ,49.86 ,99.72
166.10 ,49.83 ,99.66
166.00 ,49.80 ,99.60
165.90 ,49.77 ,99.54
165.80 ,49.74 ,99.48
165.70 ,49.71 ,99.42
165.60 ,49.68 ,99.36
165.50 ,49.65 ,99.30
165.40 ,49.62 ,99.24
165.30 ,49.59 ,99.18
165.20 ,49.56 ,99.12
165.10 ,49.53 ,99.06
165.00 ,49.50 ,99.00
164.90 ,49.47 ,98.94
164.80 ,49.44 ,98.88
164.70 ,49.41 ,98.82
164.60 ,49.38 ,98.76
164.50 ,49.35 ,98.70
164.40 ,49.32 ,98.64
164.30 ,49.29 ,98.58
164.20 ,49.26 ,98.52
164.10 ,49.23 ,98.46
164.00 ,49.20 ,98.40
163.90 ,49.17 ,98.34
163.80 ,49.14 ,98.28
163.70 ,49.11 ,98.22
163.60 ,49.08 ,98.16
163.50 ,49.05 ,98.10
163.40 ,49.02 ,98.04
163.30 ,48.99 ,97.98
163.20 ,48.96 ,97.92
163.10 ,48.93 ,97.86
163.00 ,48.90 ,97.80
162.90 ,48.87 ,97.74
162.80 ,48.84 ,97.68
162.70 ,48.81 ,97.62
162.60 ,48.78 ,97.56
162.50 ,48.75 ,97.50
162.40 ,48.72 ,97.44
162.30 ,48.69 ,97.38
162.20 ,48.66 ,97.32
162.10 ,48.63 ,97.26
162.00 ,48.60 ,97.20
161.90 ,48.57 ,97.14
161.80 ,48.54 ,97.08
161.70 ,48.51 ,97.02
161.60 ,48.48 ,96.96
161.50 ,48.45 ,96.90
161.40 ,48.42 ,96.84
161.30 ,48.39 ,96.78
161.20 ,48.36 ,96.72
161.10 ,48.33 ,96.66
161.00 ,48.30 ,96.60
160.90 ,48.27 ,96.54
160.80 ,48.24 ,96.48
160.70 ,48.21 ,96.42
160.60 ,48.18 ,96.36
160.50 ,48.15 ,96.30
160.40 ,48.12 ,96.24
160.30 ,48.09 ,96.18
160.20 ,48.06 ,96.12
160.10 ,48.03 ,96.06
160.00 ,48.00 ,96.00
159.90 ,47.97 ,95.94
159.80 ,47.94 ,95.88
159.70 ,47.91 ,95.82
159.60 ,47.88 ,95.76
159.50 ,47.85 ,95.70
159.40 ,47.82 ,95.64
159.30 ,47.79 ,95.58
159.20 ,47.76 ,95.52
159.10 ,47.73 ,95.46
159.00 ,47.70 ,95.40
158.90 ,47.67 ,95.34
158.80 ,47.64 ,95.28
158.70 ,47.61 ,95.22
158.60 ,47.58 ,95.16
158.50 ,47.55 ,95.10
158.40 ,47.52 ,95.04
158.30 ,47.49 ,94.98
158.20 ,47.46 ,94.92
158.10 ,47.43 ,94.86
158.00 ,47.40 ,94.80
157.90 ,47.37 ,94.74
157.80 ,47.34 ,94.68
157.70 ,47.31 ,94.62
157.60 ,47.28 ,94.56
157.50 ,47.25 ,94.50
157.40 ,47.22 ,94.44
157.30 ,47.19 ,94.38
157.20 ,47.16 ,94.32
157.10 ,47.13 ,94.26
157.00 ,47.10 ,94.20
156.90 ,47.07 ,94.14
156.80 ,47.04 ,94.08
156.70 ,47.01 ,94.02
156.60 ,46.98 ,93.96
156.50 ,46.95 ,93.90
156.40 ,46.92 ,93.84
156.30 ,46.89 ,93.78
156.20 ,46.86 ,93.72
156.10 ,46.83 ,93.66
156.00 ,46.80 ,93.60
155.90 ,46.77 ,93.54
155.80 ,46.74 ,93.48
155.70 ,46.71 ,93.42
155.60 ,46.68 ,93.36
155.50 ,46.65 ,93.30
155.40 ,46.62 ,93.24
155.30 ,46.59 ,93.18
155.20 ,46.56 ,93.12
155.10 ,46.53 ,93.06
155.00 ,46.50 ,93.00
154.90 ,46.47 ,92.94
154.80 ,46.44 ,92.88
154.70 ,46.41 ,92.82
154.60 ,46.38 ,92.76
154.50 ,46.35 ,92.70
154.40 ,46.32 ,92.64
154.30 ,46.29 ,92.58
154.20 ,46.26 ,92.52
154.10 ,46.23 ,92.46
154.00 ,46.20 ,92.40
153.90 ,46.17 ,92.34
153.80 ,46.14 ,92.28
153.70 ,46.11 ,92.22
153.60 ,46.08 ,92.16
153.50 ,46.05 ,92.10
153.40 ,46.02 ,92.04
153.30 ,45.99 ,91.98
153.20 ,45.96 ,91.92
153.10 ,45.93 ,91.86
153.00 ,45.90 ,91.80
152.90 ,45.87 ,91.74
152.80 ,45.84 ,91.68
152.70 ,45.81 ,91.62
152.60 ,45.78 ,91.56
152.50 ,45.75 ,91.50
152.40 ,45.72 ,91.44
152.30 ,45.69 ,91.38
152.20 ,45.66 ,91.32
152.10 ,45.63 ,91.26
152.00 ,45.60 ,91.20
151.90 ,45.57 ,91.14
151.80 ,45.54 ,91.08
151.70 ,45.51 ,91.02
151.60 ,45.48 ,90.96
151.50 ,45.45 ,90.90
151.40 ,45.42 ,90.84
151.30 ,45.39 ,90.78
151.20 ,45.36 ,90.72
151.10 ,45.33 ,90.66
151.00 ,45.30 ,90.60
150.90 ,45.27 ,90.54
150.80 ,45.24 ,90.48
150.70 ,45.21 ,90.42
150.60 ,45.18 ,90.36
150.50 ,45.15 ,90.30
150.40 ,45.12 ,90.24
150.30 ,45.09 ,90.18
150.20 ,45.06 ,90.12
150.10 ,45.03 ,90.06
150.00 ,45.00 ,90.00
149.90 ,44.97 ,89.94
149.80 ,44.94 ,89.88
149.70 ,44.91 ,89.82
149.60 ,44.88 ,89.76
149.50 ,44.85 ,89.70
149.40 ,44.82 ,89.64
149.30 ,44.79 ,89.58
149.20 ,44.76 ,89.52
149.10 ,44.73 ,89.46
149.00 ,44.70 ,89.40
148.90 ,44.67 ,89.34
148.80 ,44.64 ,89.28
148.70 ,44.61 ,89.22
148.60 ,44.58 ,89.16
148.50 ,44.55 ,89.10
148.40 ,44.52 ,89.04
148.30 ,44.49 ,88.98
148.20 ,44.46 ,88.92
148.10 ,44.43 ,88.86
148.00 ,44.40 ,88.80
147.90 ,44.37 ,88.74
147.80 ,44.34 ,88.68
147.70 ,44.31 ,88.62
147.60 ,44.28 ,88.56
147.50 ,44.25 ,88.50
147.40 ,44.22 ,88.44
147.30 ,44.19 ,88.38
147.20 ,44.16 ,88.32
147.10 ,44.13 ,88.26
147.00 ,44.10 ,88.20
146.90 ,44.07 ,88.14
146.80 ,44.04 ,88.08
146.70 ,44.01 ,88.02
146.60 ,43.98 ,87.96
146.50 ,43.95 ,87.90
146.40 ,43.92 ,87.84
146.30 ,43.89 ,87.78
146.20 ,43.86 ,87.72
146.10 ,43.83 ,87.66
146.00 ,43.80 ,87.60
145.90 ,43.77 ,87.54
145.80 ,43.74 ,87.48
145.70 ,43.71 ,87.42
145.60 ,43.68 ,87.36
145.50 ,43.65 ,87.30
145.40 ,43.62 ,87.24
145.30 ,43.59 ,87.18
145.20 ,43.56 ,87.12
145.10 ,43.53 ,87.06
145.00 ,43.50 ,87.00
144.90 ,43.47 ,86.94
144.80 ,43.44 ,86.88
144.70 ,43.41 ,86.82
144.60 ,43.38 ,86.76
144.50 ,43.35 ,86.70
144.40 ,43.32 ,86.64
144.30 ,43.29 ,86.58
144.20 ,43.26 ,86.52
144.10 ,43.23 ,86.46
144.00 ,43.20 ,86.40
143.90 ,43.17 ,86.34
143.80 ,43.14 ,86.28
143.70 ,43.11 ,86.22
143.60 ,43.08 ,86.16
143.50 ,43.05 ,86.10
143.40 ,43.02 ,86.04
143.30 ,42.99 ,85.98
143.20 ,42.96 ,85.92
143.10 ,42.93 ,85.86
143.00 ,42.90 ,85.80
142.90 ,42.87 ,85.74
142.80 ,42.84 ,85.68
142.70 ,42.81 ,85.62
142.60 ,42.78 ,85.56
142.50 ,42.75 ,85.50
142.40 ,42.72 ,85.44
142.30 ,42.69 ,85.38
142.20 ,42.66 ,85.32
142.10 ,42.63 ,85.26
142.00 ,42.60 ,85.20
141.90 ,42.57 ,85.14
141.80 ,42.54 ,85.08
141.70 ,42.51 ,85.02
141.60 ,42.48 ,84.96
141.50 ,42.45 ,84.90
141.40 ,42.42 ,84.84
141.30 ,42.39 ,84.78
141.20 ,42.36 ,84.72
141.10 ,42.33 ,84.66
141.00 ,42.30 ,84.60
140.90 ,42.27 ,84.54
140.80 ,42.24 ,84.48
140.70 ,42.21 ,84.42
140.60 ,42.18 ,84.36
140.50 ,42.15 ,84.30
140.40 ,42.12 ,84.24
140.30 ,42.09 ,84.18
140.20 ,42.06 ,84.12
140.10 ,42.03 ,84.06
140.00 ,42.00 ,84.00
139.90 ,41.97 ,83.94
139.80 ,41.94 ,83.88
139.70 ,41.91 ,83.82
139.60 ,41.88 ,83.76
139.50 ,41.85 ,83.70
139.40 ,41.82 ,83.64
139.30 ,41.79 ,83.58
139.20 ,41.76 ,83.52
139.10 ,41.73 ,83.46
139.00 ,41.70 ,83.40
138.90 ,41.67 ,83.34
138.80 ,41.64 ,83.28
138.70 ,41.61 ,83.22
138.60 ,41.58 ,83.16
138.50 ,41.55 ,83.10
138.40 ,41.52 ,83.04
138.30 ,41.49 ,82.98
138.20 ,41.46 ,82.92
138.10 ,41.43 ,82.86
138.00 ,41.40 ,82.80
137.90 ,41.37 ,82.74
137.80 ,41.34 ,82.68
137.70 ,41.31 ,82.62
137.60 ,41.28 ,82.56
137.50 ,41.25 ,82.50
137.40 ,41.22 ,82.44
137.30 ,41.19 ,82.38
137.20 ,41.16 ,82.32
137.10 ,41.13 ,82.26
137.00 ,41.10 ,82.20
136.90 ,41.07 ,82.14
136.80 ,41.04 ,82.08
136.70 ,41.01 ,82.02
136.60 ,40.98 ,81.96
136.50 ,40.95 ,81.90
136.40 ,40.92 ,81.84
136.30 ,40.89 ,81.78
136.20 ,40.86 ,81.72
136.10 ,40.83 ,81.66
136.00 ,40.80 ,81.60
135.90 ,40.77 ,81.54
135.80 ,40.74 ,81.48
135.70 ,40.71 ,81.42
135.60 ,40.68 ,81.36
135.50 ,40.65 ,81.30
135.40 ,40.62 ,81.24
135.30 ,40.59 ,81.18
135.20 ,40.56 ,81.12
135.10 ,40.53 ,81.06
135.00 ,40.50 ,81.00
134.90 ,40.47 ,80.94
134.80 ,40.44 ,80.88
134.70 ,40.41 ,80.82
134.60 ,40.38 ,80.76
134.50 ,40.35 ,80.70
134.40 ,40.32 ,80.64
134.30 ,40.29 ,80.58
134.20 ,40.26 ,80.52
134.10 ,40.23 ,80.46
134.00 ,40.20 ,80.40
133.90 ,40.17 ,80.34
133.80 ,40.14 ,80.28
133.70 ,40.11 ,80.22
133.60 ,40.08 ,80.16
133.50 ,40.05 ,80.10
133.40 ,40.02 ,80.04
133.30 ,39.99 ,79.98
133.20 ,39.96 ,79.92
133.10 ,39.93 ,79.86
133.00 ,39.90 ,79.80
132.90 ,39.87 ,79.74
132.80 ,39.84 ,79.68
132.70 ,39.81 ,79.62
132.60 ,39.78 ,79.56
132.50 ,39.75 ,79.50
132.40 ,39.72 ,79.44
132.30 ,39.69 ,79.38
132.20 ,39.66 ,79.32
132.10 ,39.63 ,79.26
132.00 ,39.60 ,79.20
131.90 ,39.57 ,79.14
131.80 ,39.54 ,79.08
131.70 ,39.51 ,79.02
131.60 ,39.48 ,78.96
131.50 ,39.45 ,78.90
131.40 ,39.42 ,78.84
131.30 ,39.39 ,78.78
131.20 ,39.36 ,78.72
131.10 ,39.33 ,78.66
131.00 ,39.30 ,78.60
130.90 ,39.27 ,78.54
130.80 ,39.24 ,78.48
130.70 ,39.21 ,78.42
130.60 ,39.18 ,78.36
130.50 ,39.15 ,78.30
130.40 ,39.12 ,78.24
130.30 ,39.09 ,78.18
130.20 ,39.06 ,78.12
130.10 ,39.03 ,78.06
130.00 ,39.00 ,78.00
129.90 ,38.97 ,77.94
129.80 ,38.94 ,77.88
129.70 ,38.91 ,77.82
129.60 ,38.88 ,77.76
129.50 ,38.85 ,77.70
129.40 ,38.82 ,77.64
129.30 ,38.79 ,77.58
129.20 ,38.76 ,77.52
129.10 ,38.73 ,77.46
129.00 ,38.70 ,77.40
128.90 ,38.67 ,77.34
128.80 ,38.64 ,77.28
128.70 ,38.61 ,77.22
128.60 ,38.58 ,77.16
128.50 ,38.55 ,77.10
128.40 ,38.52 ,77.04
128.30 ,38.49 ,76.98
128.20 ,38.46 ,76.92
128.10 ,38.43 ,76.86
128.00 ,38.40 ,76.80
127.90 ,38.37 ,76.74
127.80 ,38.34 ,76.68
127.70 ,38.31 ,76.62
127.60 ,38.28 ,76.56
127.50 ,38.25 ,76.50
127.40 ,38.22 ,76.44
127.30 ,38.19 ,76.38
127.20 ,38.16 ,76.32
127.10 ,38.13 ,76.26
127.00 ,38.10 ,76.20
126.90 ,38.07 ,76.14
126.80 ,38.04 ,76.08
126.70 ,38.01 ,76.02
126.60 ,37.98 ,75.96
126.50 ,37.95 ,75.90
126.40 ,37.92 ,75.84
126.30 ,37.89 ,75.78
126.20 ,37.86 ,75.72
126.10 ,37.83 ,75.66
126.00 ,37.80 ,75.60
125.90 ,37.77 ,75.54
125.80 ,37.74 ,75.48
125.70 ,37.71 ,75.42
125.60 ,37.68 ,75.36
125.50 ,37.65 ,75.30
125.40 ,37.62 ,75.24
125.30 ,37.59 ,75.18
125.20 ,37.56 ,75.12
125.10 ,37.53 ,75.06
125.00 ,37.50 ,75.00
124.90 ,37.47 ,74.94
124.80 ,37.44 ,74.88
124.70 ,37.41 ,74.82
124.60 ,37.38 ,74.76
124.50 ,37.35 ,74.70
124.40 ,37.32 ,74.64
124.30 ,37.29 ,74.58
124.20 ,37.26 ,74.52
124.10 ,37.23 ,74.46
124.00 ,37.20 ,74.40
123.90 ,37.17 ,74.34
123.80 ,37.14 ,74.28
123.70 ,37.11 ,74.22
123.60 ,37.08 ,74.16
123.50 ,37.05 ,74.10
123.40 ,37.02 ,74.04
123.30 ,36.99 ,73.98
123.20 ,36.96 ,73.92
123.10 ,36.93 ,73.86
123.00 ,36.90 ,73.80
122.90 ,36.87 ,73.74
122.80 ,36.84 ,73.68
122.70 ,36.81 ,73.62
122.60 ,36.78 ,73.56
122.50 ,36.75 ,73.50
122.40 ,36.72 ,73.44
122.30 ,36.69 ,73.38
122.20 ,36.66 ,73.32
122.10 ,36.63 ,73.26
122.00 ,36.60 ,73.20
121.90 ,36.57 ,73.14
121.80 ,36.54 ,73.08
121.70 ,36.51 ,73.02
121.60 ,36.48 ,72.96
121.50 ,36.45 ,72.90
121.40 ,36.42 ,72.84
121.30 ,36.39 ,72.78
121.20 ,36.36 ,72.72
121.10 ,36.33 ,72.66
121.00 ,36.30 ,72.60
120.90 ,36.27 ,72.54
120.80 ,36.24 ,72.48
120.70 ,36.21 ,72.42
120.60 ,36.18 ,72.36
120.50 ,36.15 ,72.30
120.40 ,36.12 ,72.24
120.30 ,36.09 ,72.18
120.20 ,36.06 ,72.12
120.10 ,36.03 ,72.06
120.00 ,36.00 ,72.00
119.90 ,35.97 ,71.94
119.80 ,35.94 ,71.88
119.70 ,35.91 ,71.82
119.60 ,35.88 ,71.76
119.50 ,35.85 ,71.70
119.40 ,35.82 ,71.64
119.30 ,35.79 ,71.58
119.20 ,35.76 ,71.52
119.10 ,35.73 ,71.46
119.00 ,35.70 ,71.40
118.90 ,35.67 ,71.34
118.80 ,35.64 ,71.28
118.70 ,35.61 ,71.22
118.60 ,35.58 ,71.16
118.50 ,35.55 ,71.10
118.40 ,35.52 ,71.04
118.30 ,35.49 ,70.98
118.20 ,35.46 ,70.92
118.10 ,35.43 ,70.86
118.00 ,35.40 ,70.80
117.90 ,35.37 ,70.74
117.80 ,35.34 ,70.68
117.70 ,35.31 ,70.62
117.60 ,35.28 ,70.56
117.50 ,35.25 ,70.50
117.40 ,35.22 ,70.44
117.30 ,35.19 ,70.38
117.20 ,35.16 ,70.32
117.10 ,35.13 ,70.26
117.00 ,35.10 ,70.20
116.90 ,35.07 ,70.14
116.80 ,35.04 ,70.08
116.70 ,35.01 ,70.02
116.60 ,34.98 ,69.96
116.50 ,34.95 ,69.90
116.40 ,34.92 ,69.84
116.30 ,34.89 ,69.78
116.20 ,34.86 ,69.72
116.10 ,34.83 ,69.66
116.00 ,34.80 ,69.60
115.90 ,34.77 ,69.54
115.80 ,34.74 ,69.48
115.70 ,34.71 ,69.42
115.60 ,34.68 ,69.36
115.50 ,34.65 ,69.30
115.40 ,34.62 ,69.24
115.30 ,34.59 ,69.18
115.20 ,34.56 ,69.12
115.10 ,34.53 ,69.06
115.00 ,34.50 ,69.00
114.90 ,34.47 ,68.94
114.80 ,34.44 ,68.88
114.70 ,34.41 ,68.82
114.60 ,34.38 ,68.76
114.50 ,34.35 ,68.70
114.40 ,34.32 ,68.64
114.30 ,34.29 ,68.58
114.20 ,34.26 ,68.52
114.10 ,34.23 ,68.46
114.00 ,34.20 ,68.40
113.90 ,34.17 ,68.34
113.80 ,34.14 ,68.28
113.70 ,34.11 ,68.22
113.60 ,34.08 ,68.16
113.50 ,34.05 ,68.10
113.40 ,34.02 ,68.04
113.30 ,33.99 ,67.98
113.20 ,33.96 ,67.92
113.10 ,33.93 ,67.86
113.00 ,33.90 ,67.80
112.90 ,33.87 ,67.74
112.80 ,33.84 ,67.68
112.70 ,33.81 ,67.62
112.60 ,33.78 ,67.56
112.50 ,33.75 ,67.50
112.40 ,33.72 ,67.44
112.30 ,33.69 ,67.38
112.20 ,33.66 ,67.32
112.10 ,33.63 ,67.26
112.00 ,33.60 ,67.20
111.90 ,33.57 ,67.14
111.80 ,33.54 ,67.08
111.70 ,33.51 ,67.02
111.60 ,33.48 ,66.96
111.50 ,33.45 ,66.90
111.40 ,33.42 ,66.84
111.30 ,33.39 ,66.78
111.20 ,33.36 ,66.72
111.10 ,33.33 ,66.66
111.00 ,33.30 ,66.60
110.90 ,33.27 ,66.54
110.80 ,33.24 ,66.48
110.70 ,33.21 ,66.42
110.60 ,33.18 ,66.36
110.50 ,33.15 ,66.30
110.40 ,33.12 ,66.24
110.30 ,33.09 ,66.18
110.20 ,33.06 ,66.12
110.10 ,33.03 ,66.06
110.00 ,33.00 ,66.00
109.90 ,32.97 ,65.94
109.80 ,32.94 ,65.88
109.70 ,32.91 ,65.82
109.60 ,32.88 ,65.76
109.50 ,32.85 ,65.70
109.40 ,32.82 ,65.64
109.30 ,32.79 ,65.58
109.20 ,32.76 ,65.52
109.10 ,32.73 ,65.46
109.00 ,32.70 ,65.40
108.90 ,32.67 ,65.34
108.80 ,32.64 ,65.28
108.70 ,32.61 ,65.22
108.60 ,32.58 ,65.16
108.50 ,32.55 ,65.10
108.40 ,32.52 ,65.04
108.30 ,32.49 ,64.98
108.20 ,32.46 ,64.92
108.10 ,32.43 ,64.86
108.00 ,32.40 ,64.80
107.90 ,32.37 ,64.74
107.80 ,32.34 ,64.68
107.70 ,32.31 ,64.62
107.60 ,32.28 ,64.56
107.50 ,32.25 ,64.50
107.40 ,32.22 ,64.44
107.30 ,32.19 ,64.38
107.20 ,32.16 ,64.32
107.10 ,32.13 ,64.26
107.00 ,32.10 ,64.20
106.90 ,32.07 ,64.14
106.80 ,32.04 ,64.08
106.70 ,32.01 ,64.02
106.60 ,31.98 ,63.96
106.50 ,31.95 ,63.90
106.40 ,31.92 ,63.84
106.30 ,31.89 ,63.78
106.20 ,31.86 ,63.72
106.10 ,31.83 ,63.66
106.00 ,31.80 ,63.60
105.90 ,31.77 ,63.54
105.80 ,31.74 ,63.48
105.70 ,31.71 ,63.42
105.60 ,31.68 ,63.36
105.50 ,31.65 ,63.30
105.40 ,31.62 ,63.24
105.30 ,31.59 ,63.18
105.20 ,31.56 ,63.12
105.10 ,31.53 ,63.06
105.00 ,31.50 ,63.00
104.90 ,31.47 ,62.94
104.80 ,31.44 ,62.88
104.70 ,31.41 ,62.82
104.60 ,31.38 ,62.76
104.50 ,31.35 ,62.70
104.40 ,31.32 ,62.64
104.30 ,31.29 ,62.58
104.20 ,31.26 ,62.52
104.10 ,31.23 ,62.46
104.00 ,31.20 ,62.40
103.90 ,31.17 ,62.34
103.80 ,31.14 ,62.28
103.70 ,31.11 ,62.22
103.60 ,31.08 ,62.16
103.50 ,31.05 ,62.10
103.40 ,31.02 ,62.04
103.30 ,30.99 ,61.98
103.20 ,30.96 ,61.92
103.10 ,30.93 ,61.86
103.00 ,30.90 ,61.80
102.90 ,30.87 ,61.74
102.80 ,30.84 ,61.68
102.70 ,30.81 ,61.62
102.60 ,30.78 ,61.56
102.50 ,30.75 ,61.50
102.40 ,30.72 ,61.44
102.30 ,30.69 ,61.38
102.20 ,30.66 ,61.32
102.10 ,30.63 ,61.26
102.00 ,30.60 ,61.20
101.90 ,30.57 ,61.14
101.80 ,30.54 ,61.08
101.70 ,30.51 ,61.02
101.60 ,30.48 ,60.96
101.50 ,30.45 ,60.90
101.40 ,30.42 ,60.84
101.30 ,30.39 ,60.78
101.20 ,30.36 ,60.72
101.10 ,30.33 ,60.66
101.00 ,30.30 ,60.60
100.90 ,30.27 ,60.54
100.80 ,30.24 ,60.48
100.70 ,30.21 ,60.42
100.60 ,30.18 ,60.36
100.50 ,30.15 ,60.30
100.40 ,30.12 ,60.24
100.30 ,30.09 ,60.18
100.20 ,30.06 ,60.12
100.10 ,30.03 ,60.06
100.00 ,30.00 ,60.00
99.90 ,29.97 ,59.94
99.80 ,29.94 ,59.88
99.70 ,29.91 ,59.82
99.60 ,29.88 ,59.76
99.50 ,29.85 ,59.70
99.40 ,29.82 ,59.64
99.30 ,29.79 ,59.58
99.20 ,29.76 ,59.52
99.10 ,29.73 ,59.46
99.00 ,29.70 ,59.40
98.90 ,29.67 ,59.34
98.80 ,29.64 ,59.28
98.70 ,29.61 ,59.22
98.60 ,29.58 ,59.16
98.50 ,29.55 ,59.10
98.40 ,29.52 ,59.04
98.30 ,29.49 ,58.98
98.20 ,29.46 ,58.92
98.10 ,29.43 ,58.86
98.00 ,29.40 ,58.80
97.90 ,29.37 ,58.74
97.80 ,29.34 ,58.68
97.70 ,29.31 ,58.62
97.60 ,29.28 ,58.56
97.50 ,29.25 ,58.50
97.40 ,29.22 ,58.44
97.30 ,29.19 ,58.38
97.20 ,29.16 ,58.32
97.10 ,29.13 ,58.26
97.00 ,29.10 ,58.20
96.90 ,29.07 ,58.14
96.80 ,29.04 ,58.08
96.70 ,29.01 ,58.02
96.60 ,28.98 ,57.96
96.50 ,28.95 ,57.90
96.40 ,28.92 ,57.84
96.30 ,28.89 ,57.78
96.20 ,28.86 ,57.72
96.10 ,28.83 ,57.66
96.00 ,28.80 ,57.60
95.90 ,28.77 ,57.54
95.80 ,28.74 ,57.48
95.70 ,28.71 ,57.42
95.60 ,28.68 ,57.36
95.50 ,28.65 ,57.30
95.40 ,28.62 ,57.24
95.30 ,28.59 ,57.18
95.20 ,28.56 ,57.12
95.10 ,28.53 ,57.06
95.00 ,28.50 ,57.00
94.90 ,28.47 ,56.94
94.80 ,28.44 ,56.88
94.70 ,28.41 ,56.82
94.60 ,28.38 ,56.76
94.50 ,28.35 ,56.70
94.40 ,28.32 ,56.64
94.30 ,28.29 ,56.58
94.20 ,28.26 ,56.52
94.10 ,28.23 ,56.46
94.00 ,28.20 ,56.40
93.90 ,28.17 ,56.34
93.80 ,28.14 ,56.28
93.70 ,28.11 ,56.22
93.60 ,28.08 ,56.16
93.50 ,28.05 ,56.10
93.40 ,28.02 ,56.04
93.30 ,27.99 ,55.98
93.20 ,27.96 ,55.92
93.10 ,27.93 ,55.86
93.00 ,27.90 ,55.80
92.90 ,27.87 ,55.74
92.80 ,27.84 ,55.68
92.70 ,27.81 ,55.62
92.60 ,27.78 ,55.56
92.50 ,27.75 ,55.50
92.40 ,27.72 ,55.44
92.30 ,27.69 ,55.38
92.20 ,27.66 ,55.32
92.10 ,27.63 ,55.26
92.00 ,27.60 ,55.20
91.90 ,27.57 ,55.14
91.80 ,27.54 ,55.08
91.70 ,27.51 ,55.02
91.60 ,27.48 ,54.96
91.50 ,27.45 ,54.90
91.40 ,27.42 ,54.84
91.30 ,27.39 ,54.78
91.20 ,27.36 ,54.72
91.10 ,27.33 ,54.66
91.00 ,27.30 ,54.60
90.90 ,27.27 ,54.54
90.80 ,27.24 ,54.48
90.70 ,27.21 ,54.42
90.60 ,27.18 ,54.36
90.50 ,27.15 ,54.30
90.40 ,27.12 ,54.24
90.30 ,27.09 ,54.18
90.20 ,27.06 ,54.12
90.10 ,27.03 ,54.06
90.00 ,27.00 ,54.00
89.90 ,26.97 ,53.94
89.80 ,26.94 ,53.88
89.70 ,26.91 ,53.82
89.60 ,26.88 ,53.76
89.50 ,26.85 ,53.70
89.40 ,26.82 ,53.64
89.30 ,26.79 ,53.58
89.20 ,26.76 ,53.52
89.10 ,26.73 ,53.46
89.00 ,26.70 ,53.40
88.90 ,26.67 ,53.34
88.80 ,26.64 ,53.28
88.70 ,26.61 ,53.22
88.60 ,26.58 ,53.16
88.50 ,26.55 ,53.10
88.40 ,26.52 ,53.04
88.30 ,26.49 ,52.98
88.20 ,26.46 ,52.92
88.10 ,26.43 ,52.86
88.00 ,26.40 ,52.80
87.90 ,26.37 ,52.74
87.80 ,26.34 ,52.68
87.70 ,26.31 ,52.62
87.60 ,26.28 ,52.56
87.50 ,26.25 ,52.50
87.40 ,26.22 ,52.44
87.30 ,26.19 ,52.38
87.20 ,26.16 ,52.32
87.10 ,26.13 ,52.26
87.00 ,26.10 ,52.20
86.90 ,26.07 ,52.14
86.80 ,26.04 ,52.08
86.70 ,26.01 ,52.02
86.60 ,25.98 ,51.96
86.50 ,25.95 ,51.90
86.40 ,25.92 ,51.84
86.30 ,25.89 ,51.78
86.20 ,25.86 ,51.72
86.10 ,25.83 ,51.66
86.00 ,25.80 ,51.60
85.90 ,25.77 ,51.54
85.80 ,25.74 ,51.48
85.70 ,25.71 ,51.42
85.60 ,25.68 ,51.36
85.50 ,25.65 ,51.30
85.40 ,25.62 ,51.24
85.30 ,25.59 ,51.18
85.20 ,25.56 ,51.12
85.10 ,25.53 ,51.06
85.00 ,25.50 ,51.00
84.90 ,25.47 ,50.94
84.80 ,25.44 ,50.88
84.70 ,25.41 ,50.82
84.60 ,25.38 ,50.76
84.50 ,25.35 ,50.70
84.40 ,25.32 ,50.64
84.30 ,25.29 ,50.58
84.20 ,25.26 ,50.52
84.10 ,25.23 ,50.46
84.00 ,25.20 ,50.40
83.90 ,25.17 ,50.34
83.80 ,25.14 ,50.28
83.70 ,25.11 ,50.22
83.60 ,25.08 ,50.16
83.50 ,25.05 ,50.10
83.40 ,25.02 ,50.04
83.30 ,24.99 ,49.98
83.20 ,24.96 ,49.92
83.10 ,24.93 ,49.86
83.00 ,24.90 ,49.80
82.90 ,24.87 ,49.74
82.80 ,24.84 ,49.68
82.70 ,24.81 ,49.62
82.60 ,24.78 ,49.56
82.50 ,24.75 ,49.50
82.40 ,24.72 ,49.44
82.30 ,24.69 ,49.38
82.20 ,24.66 ,49.32
82.10 ,24.63 ,49.26
82.00 ,24.60 ,49.20
81.90 ,24.57 ,49.14
81.80 ,24.54 ,49.08
81.70 ,24.51 ,49.02
81.60 ,24.48 ,48.96
81.50 ,24.45 ,48.90
81.40 ,24.42 ,48.84
81.30 ,24.39 ,48.78
81.20 ,24.36 ,48.72
81.10 ,24.33 ,48.66
81.00 ,24.30 ,48.60
80.90 ,24.27 ,48.54
80.80 ,24.24 ,48.48
80.70 ,24.21 ,48.42
80.60 ,24.18 ,48.36
80.50 ,24.15 ,48.30
80.40 ,24.12 ,48.24
80.30 ,24.09 ,48.18
80.20 ,24.06 ,48.12
80.10 ,24.03 ,48.06
80.00 ,24.00 ,48.00
79.90 ,23.97 ,47.94
79.80 ,23.94 ,47.88
79.70 ,23.91 ,47.82
79.60 ,23.88 ,47.76
79.50 ,23.85 ,47.70
79.40 ,23.82 ,47.64
79.30 ,23.79 ,47.58
79.20 ,23.76 ,47.52
79.10 ,23.73 ,47.46
79.00 ,23.70 ,47.40
78.90 ,23.67 ,47.34
78.80 ,23.64 ,47.28
78.70 ,23.61 ,47.22
78.60 ,23.58 ,47.16
78.50 ,23.55 ,47.10
78.40 ,23.52 ,47.04
78.30 ,23.49 ,46.98
78.20 ,23.46 ,46.92
78.10 ,23.43 ,46.86
78.00 ,23.40 ,46.80
77.90 ,23.37 ,46.74
77.80 ,23.34 ,46.68
77.70 ,23.31 ,46.62
77.60 ,23.28 ,46.56
77.50 ,23.25 ,46.50
77.40 ,23.22 ,46.44
77.30 ,23.19 ,46.38
77.20 ,23.16 ,46.32
77.10 ,23.13 ,46.26
77.00 ,23.10 ,46.20
76.90 ,23.07 ,46.14
76.80 ,23.04 ,46.08
76.70 ,23.01 ,46.02
76.60 ,22.98 ,45.96
76.50 ,22.95 ,45.90
76.40 ,22.92 ,45.84
76.30 ,22.89 ,45.78
76.20 ,22.86 ,45.72
76.10 ,22.83 ,45.66
76.00 ,22.80 ,45.60
75.90 ,22.77 ,45.54
75.80 ,22.74 ,45.48
75.70 ,22.71 ,45.42
75.60 ,22.68 ,45.36
75.50 ,22.65 ,45.30
75.40 ,22.62 ,45.24
75.30 ,22.59 ,45.18
75.20 ,22.56 ,45.12
75.10 ,22.53 ,45.06
75.00 ,22.50 ,45.00
74.90 ,22.47 ,44.94
74.80 ,22.44 ,44.88
74.70 ,22.41 ,44.82
74.60 ,22.38 ,44.76
74.50 ,22.35 ,44.70
74.40 ,22.32 ,44.64
74.30 ,22.29 ,44.58
74.20 ,22.26 ,44.52
74.10 ,22.23 ,44.46
74.00 ,22.20 ,44.40
73.90 ,22.17 ,44.34
73.80 ,22.14 ,44.28
73.70 ,22.11 ,44.22
73.60 ,22.08 ,44.16
73.50 ,22.05 ,44.10
73.40 ,22.02 ,44.04
73.30 ,21.99 ,43.98
73.20 ,21.96 ,43.92
73.10 ,21.93 ,43.86
73.00 ,21.90 ,43.80
72.90 ,21.87 ,43.74
72.80 ,21.84 ,43.68
72.70 ,21.81 ,43.62
72.60 ,21.78 ,43.56
72.50 ,21.75 ,43.50
72.40 ,21.72 ,43.44
72.30 ,21.69 ,43.38
72.20 ,21.66 ,43.32
72.10 ,21.63 ,43.26
72.00 ,21.60 ,43.20
71.90 ,21.57 ,43.14
71.80 ,21.54 ,43.08
71.70 ,21.51 ,43.02
71.60 ,21.48 ,42.96
71.50 ,21.45 ,42.90
71.40 ,21.42 ,42.84
71.30 ,21.39 ,42.78
71.20 ,21.36 ,42.72
71.10 ,21.33 ,42.66
71.00 ,21.30 ,42.60
70.90 ,21.27 ,42.54
70.80 ,21.24 ,42.48
70.70 ,21.21 ,42.42
70.60 ,21.18 ,42.36
70.50 ,21.15 ,42.30
70.40 ,21.12 ,42.24
70.30 ,21.09 ,42.18
70.20 ,21.06 ,42.12
70.10 ,21.03 ,42.06
70.00 ,21.00 ,42.00
69.90 ,20.97 ,41.94
69.80 ,20.94 ,41.88
69.70 ,20.91 ,41.82
69.60 ,20.88 ,41.76
69.50 ,20.85 ,41.70
69.40 ,20.82 ,41.64
69.30 ,20.79 ,41.58
69.20 ,20.76 ,41.52
69.10 ,20.73 ,41.46
69.00 ,20.70 ,41.40
68.90 ,20.67 ,41.34
68.80 ,20.64 ,41.28
68.70 ,20.61 ,41.22
68.60 ,20.58 ,41.16
68.50 ,20.55 ,41.10
68.40 ,20.52 ,41.04
68.30 ,20.49 ,40.98
68.20 ,20.46 ,40.92
68.10 ,20.43 ,40.86
68.00 ,20.40 ,40.80
67.90 ,20.37 ,40.74
67.80 ,20.34 ,40.68
67.70 ,20.31 ,40.62
67.60 ,20.28 ,40.56
67.50 ,20.25 ,40.50
67.40 ,20.22 ,40.44
67.30 ,20.19 ,40.38
67.20 ,20.16 ,40.32
67.10 ,20.13 ,40.26
67.00 ,20.10 ,40.20
66.90 ,20.07 ,40.14
66.80 ,20.04 ,40.08
66.70 ,20.01 ,40.02
66.60 ,19.98 ,39.96
66.50 ,19.95 ,39.90
66.40 ,19.92 ,39.84
66.30 ,19.89 ,39.78
66.20 ,19.86 ,39.72
66.10 ,19.83 ,39.66
66.00 ,19.80 ,39.60
65.90 ,19.77 ,39.54
65.80 ,19.74 ,39.48
65.70 ,19.71 ,39.42
65.60 ,19.68 ,39.36
65.50 ,19.65 ,39.30
65.40 ,19.62 ,39.24
65.30 ,19.59 ,39.18
65.20 ,19.56 ,39.12
65.10 ,19.53 ,39.06
65.00 ,19.50 ,39.00
64.90 ,19.47 ,38.94
64.80 ,19.44 ,38.88
64.70 ,19.41 ,38.82
64.60 ,19.38 ,38.76
64.50 ,19.35 ,38.70
64.40 ,19.32 ,38.64
64.30 ,19.29 ,38.58
64.20 ,19.26 ,38.52
64.10 ,19.23 ,38.46
64.00 ,19.20 ,38.40
63.90 ,19.17 ,38.34
63.80 ,19.14 ,38.28
63.70 ,19.11 ,38.22
63.60 ,19.08 ,38.16
63.50 ,19.05 ,38.10
63.40 ,19.02 ,38.04
63.30 ,18.99 ,37.98
63.20 ,18.96 ,37.92
63.10 ,18.93 ,37.86
63.00 ,18.90 ,37.80
62.90 ,18.87 ,37.74
62.80 ,18.84 ,37.68
62.70 ,18.81 ,37.62
62.60 ,18.78 ,37.56
62.50 ,18.75 ,37.50
62.40 ,18.72 ,37.44
62.30 ,18.69 ,37.38
62.20 ,18.66 ,37.32
62.10 ,18.63 ,37.26
62.00 ,18.60 ,37.20
61.90 ,18.57 ,37.14
61.80 ,18.54 ,37.08
61.70 ,18.51 ,37.02
61.60 ,18.48 ,36.96
61.50 ,18.45 ,36.90
61.40 ,18.42 ,36.84
61.30 ,18.39 ,36.78
61.20 ,18.36 ,36.72
61.10 ,18.33 ,36.66
61.00 ,18.30 ,36.60
60.90 ,18.27 ,36.54
60.80 ,18.24 ,36.48
60.70 ,18.21 ,36.42
60.60 ,18.18 ,36.36
60.50 ,18.15 ,36.30
60.40 ,18.12 ,36.24
60.30 ,18.09 ,36.18
60.20 ,18.06 ,36.12
60.10 ,18.03 ,36.06
60.00 ,18.00 ,36.00
59.90 ,17.97 ,35.94
59.80 ,17.94 ,35.88
59.70 ,17.91 ,35.82
59.60 ,17.88 ,35.76
59.50 ,17.85 ,35.70
59.40 ,17.82 ,35.64
59.30 ,17.79 ,35.58
59.20 ,17.76 ,35.52
59.10 ,17.73 ,35.46
59.00 ,17.70 ,35.40
58.90 ,17.67 ,35.34
58.80 ,17.64 ,35.28
58.70 ,17.61 ,35.22
58.60 ,17.58 ,35.16
58.50 ,17.55 ,35.10
58.40 ,17.52 ,35.04
58.30 ,17.49 ,34.98
58.20 ,17.46 ,34.92
58.10 ,17.43 ,34.86
58.00 ,17.40 ,34.80
57.90 ,17.37 ,34.74
57.80 ,17.34 ,34.68
57.70 ,17.31 ,34.62
57.60 ,17.28 ,34.56
57.50 ,17.25 ,34.50
57.40 ,17.22 ,34.44
57.30 ,17.19 ,34.38
57.20 ,17.16 ,34.32
57.10 ,17.13 ,34.26
57.00 ,17.10 ,34.20
56.90 ,17.07 ,34.14
56.80 ,17.04 ,34.08
56.70 ,17.01 ,34.02
56.60 ,16.98 ,33.96
56.50 ,16.95 ,33.90
56.40 ,16.92 ,33.84
56.30 ,16.89 ,33.78
56.20 ,16.86 ,33.72
56.10 ,16.83 ,33.66
56.00 ,16.80 ,33.60
55.90 ,16.77 ,33.54
55.80 ,16.74 ,33.48
55.70 ,16.71 ,33.42
55.60 ,16.68 ,33.36
55.50 ,16.65 ,33.30
55.40 ,16.62 ,33.24
55.30 ,16.59 ,33.18
55.20 ,16.56 ,33.12
55.10 ,16.53 ,33.06
55.00 ,16.50 ,33.00
54.90 ,16.47 ,32.94
54.80 ,16.44 ,32.88
54.70 ,16.41 ,32.82
54.60 ,16.38 ,32.76
54.50 ,16.35 ,32.70
54.40 ,16.32 ,32.64
54.30 ,16.29 ,32.58
54.20 ,16.26 ,32.52
54.10 ,16.23 ,32.46
54.00 ,16.20 ,32.40
53.90 ,16.17 ,32.34
53.80 ,16.14 ,32.28
53.70 ,16.11 ,32.22
53.60 ,16.08 ,32.16
53.50 ,16.05 ,32.10
53.40 ,16.02 ,32.04
53.30 ,15.99 ,31.98
53.20 ,15.96 ,31.92
53.10 ,15.93 ,31.86
53.00 ,15.90 ,31.80
52.90 ,15.87 ,31.74
52.80 ,15.84 ,31.68
52.70 ,15.81 ,31.62
52.60 ,15.78 ,31.56
52.50 ,15.75 ,31.50
52.40 ,15.72 ,31.44
52.30 ,15.69 ,31.38
52.20 ,15.66 ,31.32
52.10 ,15.63 ,31.26
52.00 ,15.60 ,31.20
51.90 ,15.57 ,31.14
51.80 ,15.54 ,31.08
51.70 ,15.51 ,31.02
51.60 ,15.48 ,30.96
51.50 ,15.45 ,30.90
51.40 ,15.42 ,30.84
51.30 ,15.39 ,30.78
51.20 ,15.36 ,30.72
51.10 ,15.33 ,30.66
51.00 ,15.30 ,30.60
50.90 ,15.27 ,30.54
50.80 ,15.24 ,30.48
50.70 ,15.21 ,30.42
50.60 ,15.18 ,30.36
50.50 ,15.15 ,30.30
50.40 ,15.12 ,30.24
50.30 ,15.09 ,30.18
50.20 ,15.06 ,30.12
50.10 ,15.03 ,30.06
50.00 ,15.00 ,30.00
49.90 ,14.97 ,29.94
49.80 ,14.94 ,29.88
49.70 ,14.91 ,29.82
49.60 ,14.88 ,29.76
49.50 ,14.85 ,29.70
49.40 ,14.82 ,29.64
49.30 ,14.79 ,29.58
49.20 ,14.76 ,29.52
49.10 ,14.73 ,29.46
49.00 ,14.70 ,29.40
48.90 ,14.67 ,29.34
48.80 ,14.64 ,29.28
48.70 ,14.61 ,29.22
48.60 ,14.58 ,29.16
48.50 ,14.55 ,29.10
48.40 ,14.52 ,29.04
48.30 ,14.49 ,28.98
48.20 ,14.46 ,28.92
48.10 ,14.43 ,28.86
48.00 ,14.40 ,28.80
47.90 ,14.37 ,28.74
47.80 ,14.34 ,28.68
47.70 ,14.31 ,28.62
47.60 ,14.28 ,28.56
47.50 ,14.25 ,28.50
47.40 ,14.22 ,28.44
47.30 ,14.19 ,28.38
47.20 ,14.16 ,28.32
47.10 ,14.13 ,28.26
47.00 ,14.10 ,28.20
46.90 ,14.07 ,28.14
46.80 ,14.04 ,28.08
46.70 ,14.01 ,28.02
46.60 ,13.98 ,27.96
46.50 ,13.95 ,27.90
46.40 ,13.92 ,27.84
46.30 ,13.89 ,27.78
46.20 ,13.86 ,27.72
46.10 ,13.83 ,27.66
46.00 ,13.80 ,27.60
45.90 ,13.77 ,27.54
45.80 ,13.74 ,27.48
45.70 ,13.71 ,27.42
45.60 ,13.68 ,27.36
45.50 ,13.65 ,27.30
45.40 ,13.62 ,27.24
45.30 ,13.59 ,27.18
45.20 ,13.56 ,27.12
45.10 ,13.53 ,27.06
45.00 ,13.50 ,27.00
44.90 ,13.47 ,26.94
44.80 ,13.44 ,26.88
44.70 ,13.41 ,26.82
44.60 ,13.38 ,26.76
44.50 ,13.35 ,26.70
44.40 ,13.32 ,26.64
44.30 ,13.29 ,26.58
44.20 ,13.26 ,26.52
44.10 ,13.23 ,26.46
44.00 ,13.20 ,26.40
43.90 ,13.17 ,26.34
43.80 ,13.14 ,26.28
43.70 ,13.11 ,26.22
43.60 ,13.08 ,26.16
43.50 ,13.05 ,26.10
43.40 ,13.02 ,26.04
43.30 ,12.99 ,25.98
43.20 ,12.96 ,25.92
43.10 ,12.93 ,25.86
43.00 ,12.90 ,25.80
42.90 ,12.87 ,25.74
42.80 ,12.84 ,25.68
42.70 ,12.81 ,25.62
42.60 ,12.78 ,25.56
42.50 ,12.75 ,25.50
42.40 ,12.72 ,25.44
42.30 ,12.69 ,25.38
42.20 ,12.66 ,25.32
42.10 ,12.63 ,25.26
42.00 ,12.60 ,25.20
41.90 ,12.57 ,25.14
41.80 ,12.54 ,25.08
41.70 ,12.51 ,25.02
41.60 ,12.48 ,24.96
41.50 ,12.45 ,24.90
41.40 ,12.42 ,24.84
41.30 ,12.39 ,24.78
41.20 ,12.36 ,24.72
41.10 ,12.33 ,24.66
41.00 ,12.30 ,24.60
40.90 ,12.27 ,24.54
40.80 ,12.24 ,24.48
40.70 ,12.21 ,24.42
40.60 ,12.18 ,24.36
40.50 ,12.15 ,24.30
40.40 ,12.12 ,24.24
40.30 ,12.09 ,24.18
40.20 ,12.06 ,24.12
40.10 ,12.03 ,24.06
40.00 ,12.00 ,24.00
39.90 ,11.97 ,23.94
39.80 ,11.94 ,23.88
39.70 ,11.91 ,23.82
39.60 ,11.88 ,23.76
39.50 ,11.85 ,23.70
39.40 ,11.82 ,23.64
39.30 ,11.79 ,23.58
39.20 ,11.76 ,23.52
39.10 ,11.73 ,23.46
39.00 ,11.70 ,23.40
38.90 ,11.67 ,23.34
38.80 ,11.64 ,23.28
38.70 ,11.61 ,23.22
38.60 ,11.58 ,23.16
38.50 ,11.55 ,23.10
38.40 ,11.52 ,23.04
38.30 ,11.49 ,22.98
38.20 ,11.46 ,22.92
38.10 ,11.43 ,22.86
38.00 ,11.40 ,22.80
37.90 ,11.37 ,22.74
37.80 ,11.34 ,22.68
37.70 ,11.31 ,22.62
37.60 ,11.28 ,22.56
37.50 ,11.25 ,22.50
37.40 ,11.22 ,22.44
37.30 ,11.19 ,22.38
37.20 ,11.16 ,22.32
37.10 ,11.13 ,22.26
37.00 ,11.10 ,22.20
36.90 ,11.07 ,22.14
36.80 ,11.04 ,22.08
36.70 ,11.01 ,22.02
36.60 ,10.98 ,21.96
36.50 ,10.95 ,21.90
36.40 ,10.92 ,21.84
36.30 ,10.89 ,21.78
36.20 ,10.86 ,21.72
36.10 ,10.83 ,21.66
36.00 ,10.80 ,21.60
35.90 ,10.77 ,21.54
35.80 ,10.74 ,21.48
35.70 ,10.71 ,21.42
35.60 ,10.68 ,21.36
35.50 ,10.65 ,21.30
35.40 ,10.62 ,21.24
35.30 ,10.59 ,21.18
35.20 ,10.56 ,21.12
35.10 ,10.53 ,21.06
35.00 ,10.50 ,21.00
34.90 ,10.47 ,20.94
34.80 ,10.44 ,20.88
34.70 ,10.41 ,20.82
34.60 ,10.38 ,20.76
34.50 ,10.35 ,20.70
34.40 ,10.32 ,20.64
34.30 ,10.29 ,20.58
34.20 ,10.26 ,20.52
34.10 ,10.23 ,20.46
34.00 ,10.20 ,20.40
33.90 ,10.17 ,20.34
33.80 ,10.14 ,20.28
33.70 ,10.11 ,20.22
33.60 ,10.08 ,20.16
33.50 ,10.05 ,20.10
33.40 ,10.02 ,20.04
33.30 ,9.99 ,19.98
33.20 ,9.96 ,19.92
33.10 ,9.93 ,19.86
33.00 ,9.90 ,19.80
32.90 ,9.87 ,19.74
32.80 ,9.84 ,19.68
32.70 ,9.81 ,19.62
32.60 ,9.78 ,19.56
32.50 ,9.75 ,19.50
32.40 ,9.72 ,19.44
32.30 ,9.69 ,19.38
32.20 ,9.66 ,19.32
32.10 ,9.63 ,19.26
32.00 ,9.60 ,19.20
31.90 ,9.57 ,19.14
31.80 ,9.54 ,19.08
31.70 ,9.51 ,19.02
31.60 ,9.48 ,18.96
31.50 ,9.45 ,18.90
31.40 ,9.42 ,18.84
31.30 ,9.39 ,18.78
31.20 ,9.36 ,18.72
31.10 ,9.33 ,18.66
31.00 ,9.30 ,18.60
30.90 ,9.27 ,18.54
30.80 ,9.24 ,18.48
30.70 ,9.21 ,18.42
30.60 ,9.18 ,18.36
30.50 ,9.15 ,18.30
30.40 ,9.12 ,18.24
30.30 ,9.09 ,18.18
30.20 ,9.06 ,18.12
30.10 ,9.03 ,18.06
30.00 ,9.00 ,18.00
29.90 ,8.97 ,17.94
29.80 ,8.94 ,17.88
29.70 ,8.91 ,17.82
29.60 ,8.88 ,17.76
29.50 ,8.85 ,17.70
29.40 ,8.82 ,17.64
29.30 ,8.79 ,17.58
29.20 ,8.76 ,17.52
29.10 ,8.73 ,17.46
29.00 ,8.70 ,17.40
28.90 ,8.67 ,17.34
28.80 ,8.64 ,17.28
28.70 ,8.61 ,17.22
28.60 ,8.58 ,17.16
28.50 ,8.55 ,17.10
28.40 ,8.52 ,17.04
28.30 ,8.49 ,16.98
28.20 ,8.46 ,16.92
28.10 ,8.43 ,16.86
28.00 ,8.40 ,16.80
27.90 ,8.37 ,16.74
27.80 ,8.34 ,16.68
27.70 ,8.31 ,16.62
27.60 ,8.28 ,16.56
27.50 ,8.25 ,16.50
27.40 ,8.22 ,16.44
27.30 ,8.19 ,16.38
27.20 ,8.16 ,16.32
27.10 ,8.13 ,16.26
27.00 ,8.10 ,16.20
26.90 ,8.07 ,16.14
26.80 ,8.04 ,16.08
26.70 ,8.01 ,16.02
26.60 ,7.98 ,15.96
26.50 ,7.95 ,15.90
26.40 ,7.92 ,15.84
26.30 ,7.89 ,15.78
26.20 ,7.86 ,15.72
26.10 ,7.83 ,15.66
26.00 ,7.80 ,15.60
25.90 ,7.77 ,15.54
25.80 ,7.74 ,15.48
25.70 ,7.71 ,15.42
25.60 ,7.68 ,15.36
25.50 ,7.65 ,15.30
25.40 ,7.62 ,15.24
25.30 ,7.59 ,15.18
25.20 ,7.56 ,15.12
25.10 ,7.53 ,15.06
25.00 ,7.50 ,15.00
24.90 ,7.47 ,14.94
24.80 ,7.44 ,14.88
24.70 ,7.41 ,14.82
24.60 ,7.38 ,14.76
24.50 ,7.35 ,14.70
24.40 ,7.32 ,14.64
24.30 ,7.29 ,14.58
24.20 ,7.26 ,14.52
24.10 ,7.23 ,14.46
24.00 ,7.20 ,14.40
23.90 ,7.17 ,14.34
23.80 ,7.14 ,14.28
23.70 ,7.11 ,14.22
23.60 ,7.08 ,14.16
23.50 ,7.05 ,14.10
23.40 ,7.02 ,14.04
23.30 ,6.99 ,13.98
23.20 ,6.96 ,13.92
23.10 ,6.93 ,13.86
23.00 ,6.90 ,13.80
22.90 ,6.87 ,13.74
22.80 ,6.84 ,13.68
22.70 ,6.81 ,13.62
22.60 ,6.78 ,13.56
22.50 ,6.75 ,13.50
22.40 ,6.72 ,13.44
22.30 ,6.69 ,13.38
22.20 ,6.66 ,13.32
22.10 ,6.63 ,13.26
22.00 ,6.60 ,13.20
21.90 ,6.57 ,13.14
21.80 ,6.54 ,13.08
21.70 ,6.51 ,13.02
21.60 ,6.48 ,12.96
21.50 ,6.45 ,12.90
21.40 ,6.42 ,12.84
21.30 ,6.39 ,12.78
21.20 ,6.36 ,12.72
21.10 ,6.33 ,12.66
21.00 ,6.30 ,12.60
20.90 ,6.27 ,12.54
20.80 ,6.24 ,12.48
20.70 ,6.21 ,12.42
20.60 ,6.18 ,12.36
20.50 ,6.15 ,12.30
20.40 ,6.12 ,12.24
20.30 ,6.09 ,12.18
20.20 ,6.06 ,12.12
20.10 ,6.03 ,12.06
20.00 ,6.00 ,12.00
19.90 ,5.97 ,11.94
19.80 ,5.94 ,11.88
19.70 ,5.91 ,11.82
19.60 ,5.88 ,11.76
19.50 ,5.85 ,11.70
19.40 ,5.82 ,11.64
19.30 ,5.79 ,11.58
19.20 ,5.76 ,11.52
19.10 ,5.73 ,11.46
19.00 ,5.70 ,11.40
18.90 ,5.67 ,11.34
18.80 ,5.64 ,11.28
18.70 ,5.61 ,11.22
18.60 ,5.58 ,11.16
18.50 ,5.55 ,11.10
18.40 ,5.52 ,11.04
18.30 ,5.49 ,10.98
18.20 ,5.46 ,10.92
18.10 ,5.43 ,10.86
18.00 ,5.40 ,10.80
17.90 ,5.37 ,10.74
17.80 ,5.34 ,10.68
17.70 ,5.31 ,10.62
17.60 ,5.28 ,10.56
17.50 ,5.25 ,10.50
17.40 ,5.22 ,10.44
17.30 ,5.19 ,10.38
17.20 ,5.16 ,10.32
17.10 ,5.13 ,10.26
17.00 ,5.10 ,10.20
16.90 ,5.07 ,10.14
16.80 ,5.04 ,10.08
16.70 ,5.01 ,10.02
16.60 ,4.98 ,9.96
16.50 ,4.95 ,9.90
16.40 ,4.92 ,9.84
16.30 ,4.89 ,9.78
16.20 ,4.86 ,9.72
16.10 ,4.83 ,9.66
16.00 ,4.80 ,9.60
15.90 ,4.77 ,9.54
15.80 ,4.74 ,9.48
15.70 ,4.71 ,9.42
15.60 ,4.68 ,9.36
15.50 ,4.65 ,9.30
15.40 ,4.62 ,9.24
15.30 ,4.59 ,9.18
15.20 ,4.56 ,9.12
15.10 ,4.53 ,9.06
15.00 ,4.50 ,9.00
14.90 ,4.47 ,8.94
14.80 ,4.44 ,8.88
14.70 ,4.41 ,8.82
14.60 ,4.38 ,8.76
14.50 ,4.35 ,8.70
14.40 ,4.32 ,8.64
14.30 ,4.29 ,8.58
14.20 ,4.26 ,8.52
14.10 ,4.23 ,8.46
14.00 ,4.20 ,8.40
13.90 ,4.17 ,8.34
13.80 ,4.14 ,8.28
13.70 ,4.11 ,8.22
13.60 ,4.08 ,8.16
13.50 ,4.05 ,8.10
13.40 ,4.02 ,8.04
13.30 ,3.99 ,7.98
13.20 ,3.96 ,7.92
13.10 ,3.93 ,7.86
13.00 ,3.90 ,7.80
12.90 ,3.87 ,7.74
12.80 ,3.84 ,7.68
12.70 ,3.81 ,7.62
12.60 ,3.78 ,7.56
12.50 ,3.75 ,7.50
12.40 ,3.72 ,7.44
12.30 ,3.69 ,7.38
12.20 ,3.66 ,7.32
12.10 ,3.63 ,7.26
12.00 ,3.60 ,7.20
11.90 ,3.57 ,7.14
11.80 ,3.54 ,7.08
11.70 ,3.51 ,7.02
11.60 ,3.48 ,6.96
11.50 ,3.45 ,6.90
11.40 ,3.42 ,6.84
11.30 ,3.39 ,6.78
11.20 ,3.36 ,6.72
11.10 ,3.33 ,6.66
11.00 ,3.30 ,6.60
10.90 ,3.27 ,6.54
10.80 ,3.24 ,6.48
10.70 ,3.21 ,6.42
10.60 ,3.18 ,6.36
10.50 ,3.15 ,6.30
10.40 ,3.12 ,6.24
10.30 ,3.09 ,6.18
10.20 ,3.06 ,6.12
10.10 ,3.03 ,6.06
10.00 ,3.00 ,6.00
9.90 ,2.97 ,5.94
9.80 ,2.94 ,5.88
9.70 ,2.91 ,5.82
9.60 ,2.88 ,5.76
9.50 ,2.85 ,5.70
9.40 ,2.82 ,5.64
9.30 ,2.79 ,5.58
9.20 ,2.76 ,5.52
9.10 ,2.73 ,5.46
9.00 ,2.70 ,5.40
8.90 ,2.67 ,5.34
8.80 ,2.64 ,5.28
8.70 ,2.61 ,5.22
8.60 ,2.58 ,5.16
8.50 ,2.55 ,5.10
8.40 ,2.52 ,5.04
8.30 ,2.49 ,4.98
8.20 ,2.46 ,4.92
8.10 ,2.43 ,4.86
8.00 ,2.40 ,4.80
7.90 ,2.37 ,4.74
7.80 ,2.34 ,4.68
7.70 ,2.31 ,4.62
7.60 ,2.28 ,4.56
7.50 ,2.25 ,4.50
7.40 ,2.22 ,4.44
7.30 ,2.19 ,4.38
7.20 ,2.16 ,4.32
7.10 ,2.13 ,4.26
7.00 ,2.10 ,4.20
6.90 ,2.07 ,4.14
6.80 ,2.04 ,4.08
6.70 ,2.01 ,4.02
6.60 ,1.98 ,3.96
6.50 ,1.95 ,3.90
6.40 ,1.92 ,3.84
6.30 ,1.89 ,3.78
6.20 ,1.86 ,3.72
6.10 ,1.83 ,3.66
6.00 ,1.80 ,3.60
5.90 ,1.77 ,3.54
5.80 ,1.74 ,3.48
5.70 ,1.71 ,3.42
5.60 ,1.68 ,3.36
5.50 ,1.65 ,3.30
5.40 ,1.62 ,3.24
5.30 ,1.59 ,3.18
5.20 ,1.56 ,3.12
5.10 ,1.53 ,3.06
5.00 ,1.50 ,3.00
4.90 ,1.47 ,2.94
4.80 ,1.44 ,2.88
4.70 ,1.41 ,2.82
4.60 ,1.38 ,2.76
4.50 ,1.35 ,2.70
4.40 ,1.32 ,2.64
4.30 ,1.29 ,2.58
4.20 ,1.26 ,2.52
4.10 ,1.23 ,2.46
4.00 ,1.20 ,2.40
3.90 ,1.17 ,2.34
3.80 ,1.14 ,2.28
3.70 ,1.11 ,2.22
3.60 ,1.08 ,2.16
3.50 ,1.05 ,2.10
3.40 ,1.02 ,2.04
3.30 ,0.99 ,1.98
3.20 ,0.96 ,1.92
3.10 ,0.93 ,1.86
3.00 ,0.90 ,1.80
2.90 ,0.87 ,1.74
2.80 ,0.84 ,1.68
2.70 ,0.81 ,1.62
2.60 ,0.78 ,1.56
2.50 ,0.75 ,1.50
2.40 ,0.72 ,1.44
2.30 ,0.69 ,1.38
2.20 ,0.66 ,1.32
2.10 ,0.63 ,1.26
2.00 ,0.60 ,1.20
1.90 ,0.57 ,1.14
1.80 ,0.54 ,1.08
1.70 ,0.51 ,1.02
1.60 ,0.48 ,0.96
1.50 ,0.45 ,0.90
1.40 ,0.42 ,0.84
1.30 ,0.39 ,0.78
1.20 ,0.36 ,0.72
1.10 ,0.33 ,0.66
1.00 ,0.30 ,0.60
0.90 ,0.27 ,0.54
0.80 ,0.24 ,0.48
0.70 ,0.21 ,0.42
0.60 ,0.18 ,0.36
0.50 ,0.15 ,0.30
0.40 ,0.12 ,0.24
0.30 ,0.09 ,0.18
0.20 ,0.06 ,0.12
0.10 ,0.03 ,0.06
-0.00 ,-0.00 ,-0.00
